{
    "home": {
        "bag0": {
            "pose": [
                [
                    0.9987357306879148,
                    -0.00012144905217431612,
                    -0.05007714728303785,
                    0.3000299796061325
                ],
                [
                    -9.989811741178967e-05,
                    -0.9999902747307614,
                    0.00043286150024814774,
                    8.708523757478391e-05
                ],
                [
                    -0.05007671283991662,
                    -0.0004273116339980655,
                    -0.9987452587877024,
                    0.46321793028990194
                ],
                [
                    0.0,
                    0.0,
                    0.0,
                    1.0
                ]
            ]
        }
    },
    "goal": {
        "bag0": {
            "pose": [
                [
                    0.9987357306879148,
                    -0.00012144905217431612,
                    -0.05007714728303785,
                    0.3000299796061325
                ],
                [
                    -9.989811741178967e-05,
                    -0.9999902747307614,
                    0.00043286150024814774,
                    8.708523757478391e-05
                ],
                [
                    -0.05007671283991662,
                    -0.0004273116339980655,
                    -0.9987452587877024,
                    0.46321793028990194
                ],
                [
                    0.0,
                    0.0,
                    0.0,
                    1.0
                ]
            ]
        }
    }
}